Sam;Sam;Sam;Sam;Sam;M;22222;233214;false;M;A
Anas;Saka;Sam;Maz;Maz;M;2222222;233523;false;M;A
Saka;Saka;Saka;Saka;Saka@Saka;M;40;233770;NEJ;M;A
Mazlum;Tas;Pantholm;Farum;mazlumtasso@live.dk;M;39;231772;NEJ;K;A
shar;shar;shar2;shar;shar@shar;M;22;238537;JA;M;A
Hans;Hans;Hans2;HansBy;Hans@Hans;M;22;232408;JA;M;A
Lionel;Messi;Maimi Central 28;Florida;inter@maimi.com;M;36;235832;NEJ;M;A
Saitam;Saitama;Saitama2;kkkkkkk;kkkk@kkkkk;M;22;230027;JA;K;P
